,head,pygidium,0,1,2,3
head,0.0,5.320367791345069e-41,0.016646117769410117,1.369995853608483e-07,6.508011499492371e-11,1.9513251001422126e-24
pygidium,5.320367791345069e-41,0.0,0.05893519288947206,1.8119772860536656e-06,6.861600530698645e-08,0.013728982541088116
0,0.016646117769410117,0.05893519288947206,0.0,0.12033339828027124,0.14077009451218736,0.1599202813210635
1,1.369995853608483e-07,1.8119772860536656e-06,0.12033339828027124,0.0,0.5014156236630344,0.000999434422853019
2,6.508011499492371e-11,6.861600530698645e-08,0.14077009451218736,0.5014156236630344,0.0,0.00017484963704758236
3,1.9513251001422126e-24,0.013728982541088116,0.1599202813210635,0.000999434422853019,0.00017484963704758236,0.0
