,head,pygidium,1,2,3
head,0.0,0.028692979425664435,1e-12,3.137590187619155e-11,4.537270559176839e-11
pygidium,0.028692979425664435,0.0,0.894051622183576,0.9617346849809604,0.9434038053685672
1,1e-12,0.894051622183576,0.0,0.600547202852591,0.756159677686901
2,3.137590187619155e-11,0.9617346849809604,0.600547202852591,0.0,0.012570099409278628
3,4.537270559176839e-11,0.9434038053685672,0.756159677686901,0.012570099409278628,0.0
