,head,1,2,3
head,0.0,1.8266610964360057e-07,1.0846685832251985e-10,1e-12
1,1.8266610964360057e-07,0.0,0.6046471379713834,0.0002177350941254774
2,1.0846685832251985e-10,0.6046471379713834,0.0,0.0002719751136596382
3,1e-12,0.0002177350941254774,0.0002719751136596382,0.0
