,head,pygidium,0,1,2,3
head,0.0,0.1574973113470177,0.060038341737452816,6.133318139301352e-18,7.815448288268089e-11,1.1068639482724654e-14
pygidium,0.1574973113470177,0.0,0.2302179904834734,0.9542290075185215,0.993034358278623,0.9677709378055089
0,0.060038341737452816,0.2302179904834734,0.0,0.18982390513320363,0.19594551838381108,0.11104956731328554
1,6.133318139301352e-18,0.9542290075185215,0.18982390513320363,0.0,0.5152833393392249,0.006521193330368244
2,7.815448288268089e-11,0.993034358278623,0.19594551838381108,0.5152833393392249,0.0,0.0004933268932123267
3,1.1068639482724654e-14,0.9677709378055089,0.11104956731328554,0.006521193330368244,0.0004933268932123267,0.0
