,head,pygidium,1,2,3
head,0.0,1e-12,1.369995853608483e-07,6.508011499492371e-11,1e-12
pygidium,1e-12,0.0,1.8119772860536656e-06,6.861600530698645e-08,0.013728982541088116
1,1.369995853608483e-07,1.8119772860536656e-06,0.0,0.5014156236630344,0.000999434422853019
2,6.508011499492371e-11,6.861600530698645e-08,0.5014156236630344,0.0,0.00017484963704758236
3,1e-12,0.013728982541088116,0.000999434422853019,0.00017484963704758236,0.0
