,head,pygidium,1,2,3
head,0.0,1.2146460741457453e-54,2.7029632234392092e-08,4.1813291024501087e-10,1.951545758915186e-21
pygidium,1.2146460741457453e-54,0.0,0.013325027645967524,1.804580994321988e-11,0.009981188809624054
1,2.7029632234392092e-08,0.013325027645967524,0.0,0.22306766869507508,0.8466541853269703
2,4.1813291024501087e-10,1.804580994321988e-11,0.22306766869507508,0.0,0.0013258082073002002
3,1.951545758915186e-21,0.009981188809624054,0.8466541853269703,0.0013258082073002002,0.0
