,head,pygidium,1,2,3
head,0.0,0.1574973113470177,1e-12,7.815448288268089e-11,1e-12
pygidium,0.1574973113470177,0.0,0.9542290075185215,0.993034358278623,0.9677709378055089
1,1e-12,0.9542290075185215,0.0,0.5152833393392249,0.006521193330368244
2,7.815448288268089e-11,0.993034358278623,0.5152833393392249,0.0,0.0004933268932123267
3,1e-12,0.9677709378055089,0.006521193330368244,0.0004933268932123267,0.0
