,head,1,2,3
head,0.0,2.740040372655949e-07,3.0213551391382607e-10,1e-12
1,2.740040372655949e-07,0.0,0.5137031960291171,9.263719160301976e-05
2,3.0213551391382607e-10,0.5137031960291171,0.0,0.000259342625506785
3,1e-12,9.263719160301976e-05,0.000259342625506785,0.0
