,head,pygidium,0,1,2,3
head,0.0,9.649905424209244e-40,0.0012004837705484467,5.160869124434295e-13,7.972044539073206e-05,3.456650361059927e-06
pygidium,9.649905424209244e-40,0.0,4.82302023665438e-19,1.5190257401768264e-51,6.562789956622549e-45,3.239172832852909e-46
0,0.0012004837705484467,4.82302023665438e-19,0.0,0.03894584876171446,0.007133094143652218,0.011454373982099782
1,5.160869124434295e-13,1.5190257401768264e-51,0.03894584876171446,0.0,0.0008803505925307712,0.027116600313390513
2,7.972044539073206e-05,6.562789956622549e-45,0.007133094143652218,0.0008803505925307712,0.0,0.32245183007086337
3,3.456650361059927e-06,3.239172832852909e-46,0.011454373982099782,0.027116600313390513,0.32245183007086337,0.0
