,Orig adj,LCC adj,Paper
Number of nodes,2728,2723.0,2728.0
Number of edges,11551,11551.0,11437.0
Graph density,0.0015527090343442945,0.0015584175188201412,0.0015
Modularity,N/A,0.6471848963330821,0.62
Avg. degree,4.234237536656892,4.2420124862284245,4.1
